0.0319167, -0.0968581, -0.0156212, 8.65225e-05, 0.000126651, 0.0104616, -0.000101941, 0.000489784, 0.00799635, -2.79103e-05, 0.000431661, 0.00360408, 0, 0, 0
0.0282355, -0.095915, -0.0161546, 6.60921e-05, 0.000151145, 0.00922607, -0.000108154, 0.000439216, 0.00732786, -2.80426e-05, 0.000372758, 0.0031987, 0, 0, 0
0.0241468, -0.0948396, -0.0167522, 4.61266e-05, 0.0001704, 0.007903, -0.000111557, 0.000383786, 0.006563, -2.76025e-05, 0.00031111, 0.00276099, 0, 0, 0
0.0168512, -0.0927405, -0.0178312, 2.88575e-05, 0.00014833, 0.00587339, -9.25888e-05, 0.000288996, 0.00502964, -2.22693e-05, 0.000226801, 0.0020631, 0, 0, 0
0.00629025, -0.0896593, -0.0194826, 1.31563e-05, 8.50181e-05, 0.00305638, -5.14379e-05, 0.000151593, 0.00267258, -1.21212e-05, 0.000116382, 0.00107765, 0, 0, 0
-0.00600341, -0.0858467, -0.0213733, 1.27347e-06, -3.30945e-06, 3.99947e-05, 1.39326e-06, 1.1418e-06, 4.29153e-06, 2.55182e-07, 2.39164e-06, 1.18315e-05, 0, 0, 0
-0.0193971, -0.0813575, -0.0233674, -3.68e-06, -0.000116012, -0.00286505, 6.42044e-05, -0.000148371, -0.00275889, 1.43507e-05, -0.000101766, -0.00102884, 0, 0, 0
-0.0340557, -0.07618, -0.0255583, -3.97025e-06, -0.000250045, -0.0057742, 0.000135859, -0.000301409, -0.00567409, 3.00501e-05, -0.000201724, -0.00208183, 0, 0, 0
-0.0487675, -0.0705043, -0.0276147, -5.02676e-06, -0.000367342, -0.00834743, 0.000197731, -0.000435963, -0.00824491, 4.34811e-05, -0.000290247, -0.0030127, 0, 0, 0
-0.063695, -0.0642662, -0.0295764, -7.22394e-06, -0.000466003, -0.0105947, 0.00024933, -0.000552322, -0.0104647, 5.46058e-05, -0.000368182, -0.0038238, 0, 0, 0
-0.0783079, -0.0575988, -0.031387, -9.32674e-06, -0.000548109, -0.0124667, 0.000291782, -0.000648921, -0.0123138, 6.36868e-05, -0.000433035, -0.0044995, 0, 0, 0
-0.0918715, -0.0506585, -0.032877, -1.09982e-05, -0.000607308, -0.0138174, 0.000322117, -0.000718435, -0.013648, 7.01275e-05, -0.000479793, -0.00498701, 0, 0, 0
-0.104652, -0.0433692, -0.0340954, -1.21409e-05, -0.000645347, -0.0146857, 0.000341489, -0.000763043, -0.0145058, 7.42286e-05, -0.000509836, -0.00530044, 0, 0, 0
-0.115957, -0.0359692, -0.0349803, -1.28399e-05, -0.000667776, -0.0151979, 0.000352863, -0.000789322, -0.0150117, 7.6625e-05, -0.000527548, -0.00548528, 0, 0, 0
-0.125707, -0.028475, -0.0354628, -1.29879e-05, -0.000672447, -0.0153046, 0.000355229, -0.000794793, -0.0151171, 7.71223e-05, -0.000531237, -0.0055238, 0, 0, 0
-0.133822, -0.0209383, -0.0355541, -1.27458e-05, -0.000664781, -0.0151295, 0.000351348, -0.000785812, -0.0149442, 7.63083e-05, -0.000525181, -0.00546059, 0, 0, 0
-0.139853, -0.0136265, -0.0352617, -1.24765e-05, -0.000656179, -0.0149331, 0.000346986, -0.000775736, -0.0147501, 7.53891e-05, -0.000518388, -0.0053897, 0, 0, 0
-0.143944, -0.00661505, -0.0345444, -1.2084e-05, -0.000643487, -0.0146433, 0.000340543, -0.000760863, -0.0144638, 7.40293e-05, -0.00050837, -0.00528511, 0, 0, 0
-0.145859, 0.00064195, -0.0332938, -1.17523e-05, -0.000632603, -0.0143948, 0.000335008, -0.000748103, -0.0142183, 7.28582e-05, -0.00049977, -0.00519542, 0, 0, 0
-0.145365, 0.00836805, -0.0313893, -1.17045e-05, -0.000631027, -0.0143588, 0.000334204, -0.000746255, -0.0141828, 7.26928e-05, -0.000498526, -0.00518242, 0, 0, 0
-0.142625, 0.0164791, -0.0288365, -1.17577e-05, -0.000632773, -0.0143987, 0.000335095, -0.0007483, -0.0142222, 7.28763e-05, -0.000499905, -0.00519682, 0, 0, 0
-0.137822, 0.0253676, -0.0257001, -1.15399e-05, -0.000625559, -0.014234, 0.000331423, -0.000739843, -0.0140595, 7.20996e-05, -0.000494203, -0.00513736, 0, 0, 0
-0.130854, 0.0351631, -0.0218042, -1.11737e-05, -0.000613268, -0.0139534, 0.00032516, -0.000725428, -0.0137824, 7.07743e-05, -0.000484502, -0.00503612, 0, 0, 0
-0.121987, 0.0453777, -0.017369, -1.03737e-05, -0.000585722, -0.0133248, 0.000311083, -0.000693101, -0.0131614, 6.77908e-05, -0.000462742, -0.00480917, 0, 0, 0
-0.111395, 0.0557048, -0.012578, -8.89458e-06, -0.000532002, -0.0120993, 0.00028349, -0.000629991, -0.0119509, 6.19185e-05, -0.000420311, -0.00436686, 0, 0, 0
-0.0990184, 0.0662407, -0.00727601, -6.98889e-06, -0.000456176, -0.0103707, 0.000244219, -0.000540747, -0.0102435, 5.35063e-05, -0.000360418, -0.00374299, 0, 0, 0
-0.0855516, 0.0764645, -0.00180939, -4.90824e-06, -0.000353158, -0.00803917, 0.000190304, -0.000419848, -0.00793602, 4.18746e-05, -0.000279676, -0.00290114, 0, 0, 0
-0.0708631, 0.086407, 0.00387618, -8.78509e-06, -0.000197828, -0.00508141, 0.000109528, -0.000261215, -0.00483899, 2.44514e-05, -0.000181928, -0.00182074, 0, 0, 0
-0.0554139, 0.0958944, 0.0096243, -7.54558e-06, -3.85358e-05, -0.00151703, 2.34786e-05, -7.43121e-05, -0.0013018, 5.50831e-06, -5.84144e-05, -0.000533104, 0, 0, 0
-0.0399449, 0.104557, 0.015022, 1.74042e-05, 5.4094e-05, 0.00274265, -3.57172e-05, 0.000131773, 0.00224414, -8.78377e-06, 0.000108795, 0.000955731, 0, 0, 0
-0.024105, 0.112554, 0.0201485, 6.43137e-05, 9.41833e-05, 0.00777929, -7.50231e-05, 0.000363605, 0.00594873, -2.02698e-05, 0.000320733, 0.00268021, 0, 0, 0
-0.00924969, 0.119586, 0.0248151, 0.000121095, 0.000100708, 0.0128838, -0.000100397, 0.000593351, 0.00945889, -2.99253e-05, 0.000542894, 0.00440998, 0, 0, 0
0.00435719, 0.125568, 0.0288679, 0.0001892, 6.75716e-05, 0.0179905, -0.000108273, 0.000816716, 0.0126863, -3.70659e-05, 0.000773655, 0.00611956, 0, 0, 0
0.0165108, 0.130522, 0.0322739, 0.000263249, 8.63412e-06, 0.0229097, -0.000103963, 0.00102763, 0.0155988, -4.25512e-05, 0.00100194, 0.00775195, 0, 0, 0
0.0255068, 0.13416, 0.0348541, 0.000318145, -3.09627e-05, 0.0265791, -0.000103476, 0.00118643, 0.0177964, -4.77649e-05, 0.00117178, 0.00897138, 0, 0, 0
0.0312386, 0.136469, 0.0364662, 0.000354341, -5.39358e-05, 0.0290383, -0.000105187, 0.00129389, 0.0192916, -5.19426e-05, 0.0012851, 0.00979028, 0, 0, 0
0.0346031, 0.137603, 0.0373411, 0.000375493, -6.71634e-05, 0.0304685, -0.000106367, 0.00135651, 0.0201612, -5.45099e-05, 0.00135105, 0.0102665, 0, 0, 0
0.0357676, 0.137575, 0.0375798, 0.000379839, -6.9863e-05, 0.0307616, -0.000106624, 0.00136936, 0.0203394, -5.50524e-05, 0.00136457, 0.0103641, 0, 0, 0
0.0347737, 0.136403, 0.0371524, 0.000368652, -6.29017e-05, 0.0300065, -0.000105971, 0.00133627, 0.0198803, -5.36679e-05, 0.00132974, 0.0101127, 0, 0, 0
0.0335385, 0.134492, 0.0365312, 0.00035235, -5.26839e-05, 0.0289035, -0.000105087, 0.00128799, 0.0192096, -5.17055e-05, 0.00127888, 0.00974538, 0, 0, 0
0.0323088, 0.131867, 0.0357792, 0.000331857, -3.97166e-05, 0.0275125, -0.000104081, 0.00122719, 0.0183639, -4.93184e-05, 0.00121478, 0.0092822, 0, 0, 0
0.0307936, 0.128522, 0.0348278, 0.000306594, -2.35413e-05, 0.025791, -0.000103011, 0.00115207, 0.0173172, -4.6488e-05, 0.00113549, 0.00870896, 0, 0, 0
0.0290824, 0.124533, 0.0337011, 0.000278029, -4.99655e-06, 0.0238354, -0.000102028, 0.00106692, 0.0161282, -4.34644e-05, 0.00104548, 0.00805774, 0, 0, 0
0.0271472, 0.119868, 0.0323981, 0.00024563, 1.63697e-05, 0.0216055, -0.000101211, 0.000970062, 0.0147724, -4.02479e-05, 0.000942913, 0.0073152, 0, 0, 0
0.0251161, 0.114624, 0.030949, 0.000211539, 3.92432e-05, 0.0192451, -0.000100696, 0.000867806, 0.0133371, -3.71163e-05, 0.000834449, 0.00652915, 0, 0, 0
0.0230099, 0.108808, 0.0293595, 0.000175988, 6.35271e-05, 0.016768, -0.000100542, 0.000760806, 0.011831, -3.41299e-05, 0.000720723, 0.00570429, 0, 0, 0
0.0208609, 0.102443, 0.0276436, 0.000139449, 8.89545e-05, 0.0142052, -0.000100803, 0.000650421, 0.0102726, -3.13592e-05, 0.00060317, 0.00485079, 0, 0, 0
0.0187843, 0.0956254, 0.0258336, 0.000103274, 0.000116067, 0.0116838, -0.000102323, 0.000542495, 0.00875195, -2.91285e-05, 0.000487272, 0.004012, 0, 0, 0
0.0167481, 0.0883177, 0.0239295, 6.54319e-05, 0.000150057, 0.0091433, -0.000107278, 0.000435304, 0.00726411, -2.77977e-05, 0.000369361, 0.00317016, 0, 0, 0
0.0148705, 0.0806165, 0.0219303, 3.39257e-05, 0.000167953, 0.00676715, -0.000105579, 0.000332611, 0.0057739, -2.5521e-05, 0.000261959, 0.00237548, 0, 0, 0
0.0132341, 0.0725671, 0.0198159, 1.51879e-05, 0.000149591, 0.00468762, -8.83006e-05, 0.000236433, 0.00423163, -2.05548e-05, 0.000174796, 0.00166254, 0, 0, 0
0.0118141, 0.0641623, 0.0176056, 5.11564e-06, 0.000107282, 0.00284007, -6.10221e-05, 0.000146234, 0.00268, -1.38837e-05, 0.000102565, 0.00101578, 0, 0, 0
0.0106543, 0.0555306, 0.0153779, -9.30391e-07, 5.97569e-05, 0.00124115, -3.25674e-05, 6.62785e-05, 0.00126076, -7.2266e-06, 4.22671e-05, 0.000450492, 0, 0, 0
0.00976318, 0.0466411, 0.0131116, -1.88989e-06, 2.96067e-06, -0.000102401, -1.0021e-06, -3.96371e-06, -4.92334e-05, -1.47615e-07, -5.03846e-06, -3.31402e-05, 0, 0, 0
0.00914097, 0.0375798, 0.0108507, -6.0664e-07, -5.25084e-05, -0.00120825, 2.88645e-05, -6.33281e-05, -0.00118816, 6.43218e-06, -4.22355e-05, -0.00043568, 0, 0, 0
0.00879165, 0.0284361, 0.00864638, -7.96397e-07, -9.22442e-05, -0.0020932, 5.04823e-05, -0.000109874, -0.00206748, 1.12243e-05, -7.28965e-05, -0.000755444, 0, 0, 0
0.0087193, 0.0191773, 0.00647278, -1.11095e-06, -0.000121247, -0.0027518, 6.62403e-05, -0.000144366, -0.00271794, 1.47079e-05, -9.58107e-05, -0.000993162, 0, 0, 0
0.00891932, 0.00995118, 0.00437334, -1.32923e-06, -0.000139826, -0.00317371, 7.6307e-05, -0.000166444, -0.0031347, 1.69338e-05, -0.000110496, -0.00114544, 0, 0, 0
0.00940043, 0.000755501, 0.00234333, -1.42283e-06, -0.000147513, -0.00334832, 8.04635e-05, -0.00017558, -0.00330716, 1.78474e-05, -0.000116562, -0.00120845, 0, 0, 0
0.0101438, -0.0083572, 0.000389289, -1.39268e-06, -0.000145073, -0.00329292, 7.91447e-05, -0.000172682, -0.00325239, 1.75573e-05, -0.000114642, -0.00118846, 0, 0, 0
0.0111179, -0.0172595, -0.00145753, -1.25112e-06, -0.000133329, -0.00302616, 7.27903e-05, -0.000158727, -0.0029889, 1.61524e-05, -0.000105361, -0.00109217, 0, 0, 0
0.0123345, -0.0259973, -0.00321403, -1.0042e-06, -0.000111705, -0.0025351, 6.10603e-05, -0.000133021, -0.0025039, 1.35629e-05, -8.82782e-05, -0.000914931, 0, 0, 0
0.0137323, -0.0344415, -0.00486022, -6.9791e-07, -8.25464e-05, -0.00187308, 4.52017e-05, -9.83346e-05, -0.00185004, 1.0049e-05, -6.52336e-05, -0.000675991, 0, 0, 0
0.0152915, -0.0425496, -0.0063874, -3.60305e-07, -4.62537e-05, -0.00104937, 2.53832e-05, -5.5125e-05, -0.00103644, 5.65127e-06, -3.65563e-05, -0.000378728, 0, 0, 0
0.0169968, -0.0503185, -0.00780349, -2.31666e-08, -3.28012e-06, -7.43866e-05, 1.80118e-06, -3.90969e-06, -7.34329e-05, 3.99537e-07, -2.58908e-06, -2.68519e-05, 0, 0, 0
0.0187563, -0.0576109, -0.00909405, -9.19681e-09, 4.37521e-05, 0.000967503, -2.4044e-05, 5.11166e-05, 0.000963122, -5.36209e-06, 3.35053e-05, 0.000349715, 0, 0, 0
0.0205778, -0.0644638, -0.010255, -1.81689e-06, 0.000101071, 0.0020836, -5.51417e-05, 0.000111481, 0.00212166, -1.22441e-05, 7.08252e-05, 0.000756636, 0, 0, 0
0.0224119, -0.0707872, -0.0113068, -7.4564e-07, 0.00014952, 0.00326622, -8.25226e-05, 0.000173215, 0.00326359, -1.84462e-05, 0.000112822, 0.00118153, 0, 0, 0
0.0242262, -0.0765078, -0.012268, 8.53525e-06, 0.000168909, 0.00453152, -9.67477e-05, 0.000233181, 0.00425971, -2.2125e-05, 0.000164181, 0.00161955, 0, 0, 0
0.0260157, -0.0816528, -0.0131301, 2.37875e-05, 0.000167958, 0.00586746, -0.000101812, 0.000292494, 0.00516202, -2.40919e-05, 0.000222672, 0.0020711, 0, 0, 0
0.0276299, -0.0860942, -0.0138717, 3.90018e-05, 0.000162351, 0.00708973, -0.000104295, 0.000345929, 0.00595424, -2.55113e-05, 0.000277158, 0.00248176, 0, 0, 0
0.0290685, -0.0898484, -0.0144893, 5.4183e-05, 0.000152441, 0.00820646, -0.000104367, 0.000393887, 0.00664424, -2.64272e-05, 0.000327917, 0.00285447, 0, 0, 0
0.0302766, -0.0928597, -0.0149794, 6.8205e-05, 0.000140296, 0.00916536, -0.000102751, 0.000434406, 0.00721112, -2.69194e-05, 0.000372238, 0.00317259, 0, 0, 0
0.0311009, -0.0949069, -0.0153131, 7.73921e-05, 0.00013326, 0.00981204, -0.000102228, 0.00046198, 0.0076013, -2.73855e-05, 0.000401923, 0.00338776, 0, 0, 0
0.0315337, -0.0959479, -0.0154781, 8.22256e-05, 0.000129758, 0.0101561, -0.00010207, 0.000476699, 0.00781052, -2.76621e-05, 0.000417672, 0.00350232, 0, 0, 0
0.0200863, -0.00033065, 0.00449704, 7.25433e-06, 0.000185081, 0.00478317, -0.000105385, 0.000247472, 0.00454335, -2.40202e-05, 0.000171971, 0.00171298, 0, 0, 0
0.0185552, -0.000305105, 0.00416852, 4.4005e-06, 0.000178149, 0.00437155, -0.00010044, 0.000227831, 0.00421506, -2.27503e-05, 0.00015538, 0.00157015, 0, 0, 0
0.0168966, -0.000277414, 0.00381015, 1.70025e-06, 0.000169404, 0.00393286, -9.45441e-05, 0.000206642, 0.00385565, -2.12821e-05, 0.00013797, 0.00141723, 0, 0, 0
0.0142058, -0.000232228, 0.00321108, 2.51108e-07, 0.000145895, 0.00327355, -8.08518e-05, 0.00017285, 0.00324342, -1.81217e-05, 0.000113858, 0.00118218, 0, 0, 0
0.010359, -0.000168058, 0.00234215, 1.57626e-07, 0.000105687, 0.00236282, -5.83958e-05, 0.000124745, 0.00234383, -1.30669e-05, 8.2083e-05, 0.000853494, 0, 0, 0
0.00623774, -0.000100375, 0.00140891, 3.46918e-07, 6.20591e-05, 0.00140598, -3.42736e-05, 7.40178e-05, 0.00138906, -7.66991e-06, 4.89932e-05, 0.000507459, 0, 0, 0
0.00223719, -3.56734e-05, 0.000505328, 1.44704e-07, 2.21217e-05, 0.000501752, -1.2191e-05, 2.63918e-05, 0.000495553, -2.72132e-06, 1.74828e-05, 0.000181079, 0, 0, 0
-0.00175147, 2.77758e-05, -0.000395477, -1.21654e-07, -1.67754e-05, -0.000380546, 9.22102e-06, -2.00011e-05, -0.000375837, 2.0517e-06, -1.32583e-05, -0.000137329, 0, 0, 0
-0.00490845, 7.71883e-05, -0.00110856, -3.69269e-07, -4.72674e-05, -0.00107232, 2.59364e-05, -5.63338e-05, -0.00105911, 5.77513e-06, -3.73498e-05, -0.000387043, 0, 0, 0
-0.0076665, 0.000119807, -0.00173153, -6.07921e-07, -7.33724e-05, -0.00166485, 4.01996e-05, -8.74177e-05, -0.00164434, 8.9407e-06, -5.79804e-05, -0.000600874, 0, 0, 0
-0.00890294, 0.000138762, -0.0020107, -7.1968e-07, -8.4701e-05, -0.00192201, 4.63771e-05, -0.000100901, -0.00189835, 1.03097e-05, -6.6936e-05, -0.000693649, 0, 0, 0
-0.00729869, 0.000113995, -0.00163724, -2.40619e-06, -6.37695e-05, -0.00161409, 3.55551e-05, -8.33664e-05, -0.0015431, 7.97864e-06, -5.76638e-05, -0.000578776, 0, 0, 0
-0.00331874, 5.1707e-05, -0.000715673, -5.89946e-06, -1.44611e-05, -0.000842273, 9.83384e-06, -3.99612e-05, -0.000674516, 2.42516e-06, -3.37996e-05, -0.000292435, 0, 0, 0
0.00384679, -6.14226e-05, 0.000862658, 1.25717e-06, 3.47653e-05, 0.000880599, -1.95215e-05, 4.5564e-05, 0.000841528, -4.40655e-06, 3.14899e-05, 0.000315756, 0, 0, 0
0.0146211, -0.000235149, 0.00319338, 1.82058e-05, 8.86428e-05, 0.00358555, -5.5233e-05, 0.000175787, 0.00305802, -1.32229e-05, 0.000138739, 0.00125857, 0, 0, 0
0.0285546, -0.000466592, 0.00614584, 5.04026e-05, 0.000130696, 0.00738005, -9.05782e-05, 0.0003528, 0.00593138, -2.30288e-05, 0.000296082, 0.00256379, 0, 0, 0
0.0453019, -0.000749439, 0.00955202, 0.000114566, 0.000116362, 0.0126734, -0.0001069, 0.000586943, 0.00942527, -3.09893e-05, 0.000530582, 0.00434685, 0, 0, 0
0.0650272, -0.00108399, 0.0134457, 0.000210679, 4.81473e-05, 0.0193757, -0.000105606, 0.000875455, 0.0134875, -3.82367e-05, 0.000838431, 0.00657787, 0, 0, 0
0.0872153, -0.00146827, 0.0177803, 0.000332863, -4.02331e-05, 0.0275837, -0.000104201, 0.00123032, 0.0184083, -4.94488e-05, 0.00121804, 0.00930597, 0, 0, 0
0.111684, -0.00190351, 0.0225393, 0.000478387, -0.000129484, 0.0373537, -0.000113889, 0.00165944, 0.0243472, -6.83157e-05, 0.00166903, 0.0125591, 0, 0, 0
0.138429, -0.00238926, 0.0277092, 0.000651348, -0.000227033, 0.0486752, -0.000132981, 0.00216268, 0.0312301, -9.61913e-05, 0.00219364, 0.0163286, 0, 0, 0
0.166807, -0.00292263, 0.0331833, 0.000855769, -0.000331474, 0.0616818, -0.000165281, 0.00274862, 0.0391368, -0.000136183, 0.00279897, 0.0206588, 0, 0, 0
0.197003, -0.00350761, 0.0389786, 0.00109436, -0.000439731, 0.0764009, -0.000215287, 0.00342167, 0.0480836, -0.000191727, 0.00348737, 0.0255585, 0, 0, 0
0.228537, -0.00413939, 0.045037, 0.00136808, -0.000547413, 0.0927418, -0.000287648, 0.00418113, 0.0580152, -0.000266201, 0.00425575, 0.0309975, 0, 0, 0
0.26098, -0.00482206, 0.0513022, 0.0016793, -0.000650361, 0.110695, -0.000387742, 0.0050302, 0.0689257, -0.000363599, 0.00510489, 0.0369724, 0, 0, 0
0.294494, -0.00556167, 0.0577889, 0.00203075, -0.000744001, 0.130265, -0.000521605, 0.00597294, 0.0808166, -0.000488359, 0.00603626, 0.0434841, 0, 0, 0
0.328306, -0.00634091, 0.0644112, 0.00241887, -0.000822141, 0.151118, -0.000692922, 0.00699695, 0.0934852, -0.000642703, 0.00703519, 0.0504214, 0, 0, 0
0.362525, -0.00718307, 0.0711908, 0.00284849, -0.000880552, 0.173391, -0.000908903, 0.00811252, 0.107015, -0.000831999, 0.00810943, 0.0578299, 0, 0, 0
0.396745, -0.00807148, 0.0780574, 0.00331482, -0.000913533, 0.196731, -0.00117216, 0.00930522, 0.12119, -0.00105751, 0.00924298, 0.0655916, 0, 0, 0
0.430293, -0.00897905, 0.0849297, 0.00380998, -0.000916825, 0.220686, -0.00148205, 0.010554, 0.135735, -0.00131794, 0.0104145, 0.0735557, 0, 0, 0
0.463547, -0.00994119, 0.0918789, 0.00434152, -0.000886879, 0.245576, -0.00184711, 0.0118775, 0.150845, -0.00161968, 0.0116403, 0.0818285, 0, 0, 0
0.494942, -0.0108885, 0.0985593, 0.00487698, -0.000824188, 0.269895, -0.00224666, 0.0131957, 0.165605, -0.00194526, 0.0128462, 0.0899097, 0, 0, 0
0.524707, -0.0118087, 0.105077, 0.00542135, -0.000729143, 0.29394, -0.00268379, 0.0145227, 0.180196, -0.00229715, 0.0140462, 0.0978976, 0, 0, 0
0.551858, -0.0126916, 0.111163, 0.00594903, -0.000608556, 0.316672, -0.00313593, 0.0157984, 0.193987, -0.00265726, 0.0151874, 0.105447, 0, 0, 0
0.572689, -0.013397, 0.115866, 0.00636684, -0.00049409, 0.33431, -0.00351303, 0.0168021, 0.204686, -0.00295513, 0.0160774, 0.111304, 0, 0, 0
0.588096, -0.0139143, 0.119448, 0.00669125, -0.000394027, 0.347805, -0.00381718, 0.0175781, 0.21287, -0.00319392, 0.0167609, 0.115783, 0, 0, 0
0.59608, -0.0141816, 0.121349, 0.00686571, -0.000336261, 0.354994, -0.00398477, 0.0179943, 0.21723, -0.003325, 0.0171259, 0.11817, 0, 0, 0
0.593848, -0.0141089, 0.120808, 0.00681596, -0.000353012, 0.352949, -0.00393669, 0.0178757, 0.215989, -0.00328744, 0.017022, 0.117491, 0, 0, 0
0.582851, -0.0137393, 0.11822, 0.00657952, -0.000429578, 0.343176, -0.00371132, 0.0173111, 0.210063, -0.00311095, 0.0165262, 0.114247, 0, 0, 0
0.566862, -0.0131952, 0.11456, 0.0062502, -0.000527695, 0.329416, -0.00340609, 0.0165224, 0.201718, -0.00287087, 0.0158301, 0.109679, 0, 0, 0
0.545451, -0.0124808, 0.109706, 0.00582105, -0.0006403, 0.311207, -0.00302376, 0.0154898, 0.190672, -0.00256825, 0.0149125, 0.103632, 0, 0, 0
0.520104, -0.0116718, 0.10404, 0.00533341, -0.000746559, 0.290099, -0.00261113, 0.0143091, 0.177865, -0.00223893, 0.0138539, 0.0966216, 0, 0, 0
0.493353, -0.0108397, 0.0982287, 0.00485026, -0.000828055, 0.268698, -0.002226, 0.0131302, 0.164879, -0.00192853, 0.0127866, 0.089512, 0, 0, 0
0.464358, -0.00996082, 0.0920432, 0.00435385, -0.000885793, 0.246144, -0.00185596, 0.011908, 0.15119, -0.00162694, 0.0116684, 0.0820173, 0, 0, 0
0.434442, -0.00910126, 0.0857782, 0.00387386, -0.000915007, 0.22372, -0.0015242, 0.010714, 0.137577, -0.00135302, 0.0105635, 0.0745643, 0, 0, 0
0.403947, -0.00826273, 0.0795261, 0.00341815, -0.000916828, 0.201797, -0.00123432, 0.00956723, 0.124266, -0.00111014, 0.00949003, 0.0672758, 0, 0, 0
0.372852, -0.00744093, 0.0732526, 0.00298467, -0.000893332, 0.180292, -0.000982784, 0.00846265, 0.111206, -0.000895779, 0.00844374, 0.0601249, 0, 0, 0
0.34189, -0.00667174, 0.0670824, 0.00258482, -0.000848053, 0.159816, -0.000773193, 0.00742994, 0.098769, -0.000713616, 0.00745381, 0.0533147, 0, 0, 0
0.310849, -0.00593423, 0.0609878, 0.00221445, -0.00078414, 0.140228, -0.000599748, 0.00645969, 0.0868695, -0.000559339, 0.00651268, 0.0467986, 0, 0, 0
0.280194, -0.00523798, 0.0550174, 0.00187645, -0.000705699, 0.121759, -0.000460238, 0.00556099, 0.0756485, -0.000431742, 0.00563071, 0.0406539, 0, 0, 0
0.250169, -0.00459141, 0.0492038, 0.00157212, -0.00061713, 0.104583, -0.000351232, 0.00473941, 0.0652112, -0.000328602, 0.00481522, 0.0349383, 0, 0, 0
0.22072, -0.00398149, 0.0435426, 0.00129835, -0.000521568, 0.0886306, -0.000267767, 0.00398886, 0.0555167, -0.000246195, 0.00406203, 0.0296292, 0, 0, 0
0.192413, -0.00341531, 0.0380968, 0.00105587, -0.000423211, 0.0740581, -0.000206369, 0.00331384, 0.0466596, -0.000182153, 0.00337756, 0.0247787, 0, 0, 0
0.165128, -0.00289028, 0.0328543, 0.000842932, -0.000325243, 0.0608762, -0.000162957, 0.00271208, 0.038647, -0.000133463, 0.00276139, 0.0203906, 0, 0, 0
0.139179, -0.00240468, 0.0278615, 0.000657243, -0.000230205, 0.0490558, -0.000133769, 0.0021797, 0.0314614, -9.7242e-05, 0.00221131, 0.0164553, 0, 0, 0
0.114918, -0.00196059, 0.0231656, 0.000497466, -0.000140681, 0.0386178, -0.000115605, 0.00171531, 0.0251158, -7.11085e-05, 0.0017275, 0.01298, 0, 0, 0
0.0922096, -0.00155643, 0.0187527, 0.000362037, -5.87652e-05, 0.0295593, -0.000105603, 0.00131668, 0.0196084, -5.28614e-05, 0.00130912, 0.00996375, 0, 0, 0
0.0715102, -0.00119479, 0.0147054, 0.000247459, 1.52926e-05, 0.0217349, -0.000101332, 0.000975706, 0.0148522, -4.04449e-05, 0.000948829, 0.00735838, 0, 0, 0
0.0528138, -0.000875868, 0.01104, 0.000149557, 9.12209e-05, 0.0151292, -0.000106137, 0.000692413, 0.0109144, -3.33923e-05, 0.000643269, 0.00516436, 0, 0, 0
0.0362656, -0.0005983, 0.00775819, 7.27189e-05, 0.000147684, 0.00972993, -0.000108706, 0.000461089, 0.00764595, -2.85897e-05, 0.000395486, 0.00336736, 0, 0, 0
0.022258, -0.000363411, 0.00487614, 2.52789e-05, 0.000145972, 0.00550252, -8.99447e-05, 0.000272025, 0.00476097, -2.14656e-05, 0.000211075, 0.00193642, 0, 0, 0
0.0106727, -0.000171426, 0.00236617, 7.61158e-06, 8.30861e-05, 0.00252068, -4.84288e-05, 0.000127446, 0.00229436, -1.11749e-05, 9.34098e-05, 0.000895396, 0, 0, 0
0.0017336, -2.75075e-05, 0.000388145, 6.76722e-07, 1.52807e-05, 0.000397593, -8.60728e-06, 2.04872e-05, 0.000377119, -1.94646e-06, 1.42939e-05, 0.000142366, 0, 0, 0
-0.0042529, 6.65188e-05, -0.000941217, -3.55951e-06, -3.11504e-05, -0.00100148, 1.81831e-05, -5.01536e-05, -0.000898957, 4.18071e-06, -3.74429e-05, -0.000354841, 0, 0, 0
-0.00757857, 0.000118436, -0.00170525, -1.64891e-06, -6.89598e-05, -0.0016605, 3.8133e-05, -8.63932e-05, -0.00161079, 8.5244e-06, -5.8664e-05, -0.000597134, 0, 0, 0
-0.00880231, 0.000137301, -0.00198799, -7.09435e-07, -8.37068e-05, -0.00189939, 4.58322e-05, -9.97167e-05, -0.00187606, 1.01901e-05, -6.615e-05, -0.000685513, 0, 0, 0
-0.00754611, 0.000117959, -0.00170429, -5.96629e-07, -7.21831e-05, -0.00163782, 3.95533e-05, -8.60021e-05, -0.0016177, 8.79681e-06, -5.70416e-05, -0.000591099, 0, 0, 0
-0.00490048, 7.70691e-05, -0.00110677, -3.68571e-07, -4.71887e-05, -0.00107053, 2.58936e-05, -5.62407e-05, -0.00105736, 5.76675e-06, -3.72902e-05, -0.000386372, 0, 0, 0
-0.00175142, 2.77758e-05, -0.000395477, -1.21887e-07, -1.67745e-05, -0.000380516, 9.22009e-06, -2.00011e-05, -0.000375807, 2.0517e-06, -1.32583e-05, -0.000137329, 0, 0, 0
0.00223722, -3.56734e-05, 0.000505328, 1.44704e-07, 2.21217e-05, 0.000501752, -1.2191e-05, 2.63918e-05, 0.000495553, -2.72132e-06, 1.74828e-05, 0.000181079, 0, 0, 0
0.00623774, -0.000100375, 0.00140891, 3.46918e-07, 6.20591e-05, 0.00140598, -3.42736e-05, 7.40178e-05, 0.00138906, -7.66991e-06, 4.89932e-05, 0.000507459, 0, 0, 0
0.010359, -0.000168058, 0.00234215, 1.57626e-07, 0.000105687, 0.00236282, -5.83958e-05, 0.000124745, 0.00234383, -1.30669e-05, 8.2083e-05, 0.000853494, 0, 0, 0
0.0142058, -0.000232228, 0.00321108, 2.51108e-07, 0.000145895, 0.00327355, -8.08518e-05, 0.00017285, 0.00324342, -1.81217e-05, 0.000113858, 0.00118218, 0, 0, 0
0.0168966, -0.000277414, 0.00381015, 1.70025e-06, 0.000169404, 0.00393286, -9.45441e-05, 0.000206642, 0.00385565, -2.12821e-05, 0.00013797, 0.00141723, 0, 0, 0
0.0185552, -0.000305105, 0.00416852, 4.4005e-06, 0.000178149, 0.00437155, -0.00010044, 0.000227831, 0.00421506, -2.27503e-05, 0.00015538, 0.00157015, 0, 0, 0
0.0200863, -0.00033065, 0.00449704, 7.25433e-06, 0.000185081, 0.00478317, -0.000105385, 0.000247472, 0.00454335, -2.40202e-05, 0.000171971, 0.00171298, 0, 0, 0
0.0207413, -6.72391e-05, 0.00469917, 8.92735e-06, 0.000183824, 0.0049039, -0.000105292, 0.000252611, 0.00461681, -2.40873e-05, 0.000177486, 0.0017532, 0, 0, 0
0.0214873, 0.000231762, 0.00492875, 1.08569e-05, 0.000182373, 0.00504314, -0.000105184, 0.000258534, 0.00470145, -2.41627e-05, 0.000183851, 0.00179955, 0, 0, 0
0.0229341, 0.000806525, 0.0053695, 1.47492e-05, 0.000179454, 0.00532385, -0.000104969, 0.000270476, 0.00487213, -2.43215e-05, 0.000196675, 0.00189303, 0, 0, 0
0.0250564, 0.00164873, 0.0060191, 2.04651e-05, 0.000175175, 0.0057357, -0.000104663, 0.000288007, 0.00512262, -2.45576e-05, 0.000215493, 0.00203019, 0, 0, 0
0.0276808, 0.00268028, 0.00681702, 2.78012e-05, 0.000169704, 0.00626351, -0.000104288, 0.000310488, 0.0054436, -2.48845e-05, 0.000239624, 0.002206, 0, 0, 0
0.030758, 0.00387675, 0.00774581, 3.6763e-05, 0.000163048, 0.00690734, -0.000103854, 0.000337923, 0.00583509, -2.52882e-05, 0.000269052, 0.00242041, 0, 0, 0
0.0343011, 0.00524338, 0.00881422, 4.73605e-05, 0.000155218, 0.0076672, -0.000103376, 0.000370335, 0.00629712, -2.57939e-05, 0.000303796, 0.00267345, 0, 0, 0
0.0381995, 0.00672538, 0.00997771, 5.96221e-05, 0.000146211, 0.00854446, -0.000102871, 0.000407788, 0.00683051, -2.6417e-05, 0.000343923, 0.00296561, 0, 0, 0
0.0424772, 0.00833259, 0.0112483, 7.35959e-05, 0.000136017, 0.00954157, -0.000102357, 0.000450412, 0.00743688, -2.71685e-05, 0.000389546, 0.00329769, 0, 0, 0
0.047067, 0.0100346, 0.0126039, 8.92079e-05, 0.000124714, 0.0106525, -0.000101862, 0.000497958, 0.00811243, -2.80715e-05, 0.0004404, 0.00366765, 0, 0, 0
0.0518893, 0.0117941, 0.0140135, 0.000106425, 0.000112355, 0.0118737, -0.000101404, 0.000550294, 0.00885498, -2.91294e-05, 0.00049633, 0.00407435, 0, 0, 0
0.0569766, 0.0136256, 0.015493, 0.000125294, 9.89354e-05, 0.0132077, -0.000101017, 0.000607548, 0.00966609, -3.03729e-05, 0.000557443, 0.0045186, 0, 0, 0
0.062201, 0.0154767, 0.0170001, 0.000145526, 8.46933e-05, 0.0146326, -0.000100729, 0.000668808, 0.0105325, -3.17974e-05, 0.000622765, 0.00499313, 0, 0, 0
0.0675648, 0.0173456, 0.0185337, 0.000167226, 6.95807e-05, 0.0161551, -0.00010057, 0.000734373, 0.0114583, -3.34365e-05, 0.000692598, 0.00550015, 0, 0, 0
0.0730211, 0.0192183, 0.0200835, 0.000190149, 5.38002e-05, 0.0177566, -0.000100558, 0.000803471, 0.0124321, -3.52838e-05, 0.000766098, 0.00603349, 0, 0, 0
0.0784392, 0.0210498, 0.0216115, 0.000213764, 3.77372e-05, 0.0193995, -0.000100719, 0.000874492, 0.013431, -3.73114e-05, 0.000841544, 0.00658059, 0, 0, 0
0.0838694, 0.0228566, 0.0231299, 0.000238326, 2.12371e-05, 0.021101, -0.000101073, 0.000948185, 0.0144656, -3.95569e-05, 0.000919726, 0.00714718, 0, 0, 0
0.0891737, 0.0245973, 0.0246054, 0.000263082, 4.81536e-06, 0.0228083, -0.000101613, 0.00102228, 0.0155036, -4.1956e-05, 0.000998228, 0.00771572, 0, 0, 0
0.0943009, 0.0262549, 0.0260215, 0.000287796, -1.13684e-05, 0.0245052, -0.000102337, 0.00109606, 0.0165354, -4.44758e-05, 0.00107629, 0.00828079, 0, 0, 0
0.099251, 0.0278322, 0.0273782, 0.000312415, -2.72871e-05, 0.0261883, -0.000103241, 0.00116939, 0.0175588, -4.71293e-05, 0.00115379, 0.00884124, 0, 0, 0
0.10385, 0.029282, 0.0286359, 0.000335805, -4.22251e-05, 0.0277808, -0.000104265, 0.00123891, 0.0185271, -4.97674e-05, 0.00122715, 0.00937154, 0, 0, 0
0.108145, 0.0306166, 0.0298001, 0.000358281, -5.64104e-05, 0.0293051, -0.000105398, 0.00130556, 0.0194538, -5.24129e-05, 0.0012974, 0.0098791, 0, 0, 0
0.112017, 0.0318074, 0.0308453, 0.000378971, -6.93241e-05, 0.0307031, -0.00010657, 0.00136679, 0.0203038, -5.49397e-05, 0.00136187, 0.0103446, 0, 0, 0
0.115357, 0.032827, 0.0317465, 0.000397077, -8.05125e-05, 0.0319225, -0.000107697, 0.00142029, 0.0210452, -5.7229e-05, 0.00141813, 0.0107507, 0, 0, 0
0.118206, 0.0336866, 0.0325084, 0.000412869, -9.01851e-05, 0.0329831, -0.000108754, 0.00146687, 0.02169, -5.92781e-05, 0.00146709, 0.0111038, 0, 0, 0
0.120386, 0.0343428, 0.0330923, 0.000425037, -9.75853e-05, 0.0337983, -0.00010962, 0.00150272, 0.0221857, -6.08875e-05, 0.00150473, 0.0113753, 0, 0, 0
0.122005, 0.0348664, 0.0335354, 0.00043406, -0.000103041, 0.0344019, -0.000110287, 0.00152928, 0.0225526, -6.21071e-05, 0.00153261, 0.0115762, 0, 0, 0
0.122803, 0.0351067, 0.0337477, 0.000438609, -0.000105784, 0.0347058, -0.000110629, 0.00154266, 0.0227374, -6.27237e-05, 0.00154665, 0.0116774, 0, 0, 0
0.122337, 0.0348384, 0.0335925, 0.000436251, -0.000104364, 0.0345483, -0.000110451, 0.00153572, 0.0226416, -6.2401e-05, 0.00153937, 0.011625, 0, 0, 0
0.12071, 0.0341249, 0.0331086, 0.000427457, -9.90517e-05, 0.0339603, -0.000109796, 0.00150985, 0.0222842, -6.12111e-05, 0.00151222, 0.0114292, 0, 0, 0
0.117917, 0.0328833, 0.0322589, 0.000412897, -9.02019e-05, 0.032985, -0.000108757, 0.00146695, 0.0216912, -5.92781e-05, 0.00146718, 0.0111044, 0, 0, 0
0.113797, 0.0310096, 0.0309982, 0.000391835, -7.72837e-05, 0.0315698, -0.00010736, 0.00140481, 0.0208308, -5.65589e-05, 0.00140186, 0.0106332, 0, 0, 0
0.10856, 0.0286049, 0.0293975, 0.000365607, -6.09986e-05, 0.0298006, -0.0001058, 0.00132725, 0.0197551, -5.32996e-05, 0.00132025, 0.0100441, 0, 0, 0
0.102692, 0.025844, 0.0275656, 0.000337742, -4.34537e-05, 0.0279125, -0.000104355, 0.00124466, 0.0186071, -4.99927e-05, 0.00123321, 0.00941537, 0, 0, 0
0.0960495, 0.0226676, 0.0254847, 0.000307337, -2.40206e-05, 0.0258418, -0.00010304, 0.00115428, 0.0173481, -4.65737e-05, 0.00113782, 0.00872586, 0, 0, 0
0.0889821, 0.0192147, 0.0232479, 0.000276615, -4.07212e-06, 0.0237384, -0.000101987, 0.0010627, 0.0160692, -4.33205e-05, 0.00104101, 0.00802544, 0, 0, 0
0.0817439, 0.0155779, 0.0209107, 0.000247346, 1.52293e-05, 0.0217239, -0.00010125, 0.0009752, 0.0148443, -4.04114e-05, 0.000948365, 0.00735461, 0, 0, 0
0.0742499, 0.0117253, 0.0184684, 0.000218858, 3.42977e-05, 0.0197531, -0.000100778, 0.000889789, 0.013646, -3.7764e-05, 0.000857779, 0.00669832, 0, 0, 0
0.0669244, 0.00786033, 0.0160474, 0.000193083, 5.17936e-05, 0.0179611, -0.000100568, 0.000812304, 0.0125564, -3.55316e-05, 0.000775484, 0.00610157, 0, 0, 0
0.059725, 0.00394902, 0.0136205, 0.000170069, 6.76128e-05, 0.016354, -0.000100557, 0.000742951, 0.0115793, -3.36582e-05, 0.000701722, 0.00556642, 0, 0, 0
0.0528081, 9.49367e-05, 0.0112602, 0.000149856, 8.16637e-05, 0.0149369, -0.000100683, 0.000681903, 0.0107175, -3.21182e-05, 0.000636718, 0.00509445, 0, 0, 0
0.046434, -0.00354882, 0.00905645, 0.000133042, 9.34644e-05, 0.013754, -0.000100891, 0.000631021, 0.00999831, -3.09102e-05, 0.000582485, 0.00470053, 0, 0, 0
0.0405059, -0.0070418, 0.00695979, 0.000119459, 0.000103072, 0.0127957, -0.000101124, 0.000589854, 0.00941559, -2.99811e-05, 0.000538563, 0.00438139, 0, 0, 0
0.035275, -0.0101837, 0.00509897, 0.000108571, 0.000110822, 0.0120257, -0.000101355, 0.000556814, 0.00894743, -2.92668e-05, 0.000503289, 0.004125, 0, 0, 0
0.0307732, -0.012952, 0.00347256, 0.000100443, 0.000116637, 0.0114499, -0.000101553, 0.00053212, 0.00859724, -2.87537e-05, 0.000476915, 0.00393319, 0, 0, 0
0.0270421, -0.0153008, 0.00209917, 9.47615e-05, 0.000120715, 0.0110468, -0.000101703, 0.00051485, 0.0083522, -2.84039e-05, 0.000458458, 0.00379899, 0, 0, 0
0.0243468, -0.0170127, 0.00111307, 9.07857e-05, 0.000123577, 0.0107646, -0.000101813, 0.000502758, 0.00818059, -2.81692e-05, 0.00044553, 0.00370501, 0, 0, 0
0.0227446, -0.0180765, 0.000508797, 8.89209e-05, 0.000124921, 0.0106321, -0.000101869, 0.000497082, 0.0081, -2.80514e-05, 0.000439469, 0.00366087, 0, 0, 0
0.0218146, -0.0186603, 0.000162564, 8.78429e-05, 0.000125698, 0.0105555, -0.000101899, 0.0004938, 0.00805339, -2.79886e-05, 0.00043596, 0.00363536, 0, 0, 0
0.0214264, -0.018789, 5.03131e-05, 8.68209e-05, 0.000126436, 0.0104829, -0.000101932, 0.000490693, 0.00800925, -2.79304e-05, 0.000432633, 0.00361116, 0, 0, 0
0.0215717, -0.0184896, 0.000156692, 8.60975e-05, 0.000126958, 0.0104314, -0.00010195, 0.000488488, 0.00797796, -2.7888e-05, 0.000430278, 0.00359406, 0, 0, 0
0.0216352, -0.0180931, 0.000271356, 8.46214e-05, 0.000128025, 0.0103265, -0.000101999, 0.000483997, 0.00791415, -2.78037e-05, 0.000425477, 0.00355908, 0, 0, 0
0.0215756, -0.0176109, 0.00038289, 8.22686e-05, 0.000129727, 0.0101591, -0.00010207, 0.000476833, 0.0078124, -2.76626e-05, 0.000417814, 0.00350335, 0, 0, 0
0.0215032, -0.0170129, 0.000521457, 7.93721e-05, 0.000131825, 0.00995301, -0.000102162, 0.000468011, 0.00768705, -2.7494e-05, 0.000408377, 0.00343469, 0, 0, 0
0.0214218, -0.0163215, 0.000682168, 7.60583e-05, 0.000134228, 0.00971708, -0.000102274, 0.000457917, 0.00754358, -2.73106e-05, 0.00039758, 0.00335613, 0, 0, 0
0.0213302, -0.0155277, 0.000866901, 7.22794e-05, 0.000136974, 0.00944777, -0.000102403, 0.000446398, 0.00737984, -2.70968e-05, 0.000385251, 0.00326644, 0, 0, 0
0.0212342, -0.0146663, 0.00106814, 6.82278e-05, 0.000139924, 0.00915886, -0.000102549, 0.000434045, 0.00720415, -2.68784e-05, 0.000372034, 0.00317022, 0, 0, 0
0.021134, -0.013736, 0.00128605, 6.39032e-05, 0.00014308, 0.00885018, -0.000102707, 0.000420853, 0.00701648, -2.66437e-05, 0.000357913, 0.00306745, 0, 0, 0
0.0210312, -0.0127487, 0.00151793, 5.93644e-05, 0.0001464, 0.00852604, -0.000102882, 0.000407002, 0.00681933, -2.63974e-05, 0.000343081, 0.00295947, 0, 0, 0
0.0209302, -0.0117335, 0.00175725, 5.47663e-05, 0.000149771, 0.00819728, -0.000103064, 0.000392961, 0.00661944, -2.61688e-05, 0.000328042, 0.00285001, 0, 0, 0
0.0208298, -0.0106793, 0.00200654, 5.00536e-05, 0.000153234, 0.00786006, -0.000103261, 0.000378565, 0.00641437, -2.59271e-05, 0.000312617, 0.0027377, 0, 0, 0
0.020733, -0.00961668, 0.00225859, 4.53671e-05, 0.000156687, 0.00752438, -0.000103464, 0.000364241, 0.00621031, -2.56957e-05, 0.000297267, 0.00262588, 0, 0, 0
0.0206412, -0.00855512, 0.00251133, 4.0757e-05, 0.000160092, 0.0071939, -0.00010367, 0.000350144, 0.00600932, -2.54768e-05, 0.000282153, 0.00251582, 0, 0, 0
0.0205542, -0.00749577, 0.00276433, 3.62215e-05, 0.000163449, 0.00686848, -0.000103879, 0.000336267, 0.00581143, -2.52598e-05, 0.000267275, 0.00240746, 0, 0, 0
0.0204743, -0.00647298, 0.00300935, 3.19006e-05, 0.000166655, 0.00655817, -0.000104085, 0.00032304, 0.00562274, -2.50652e-05, 0.000253089, 0.00230412, 0, 0, 0
0.0204011, -0.00547695, 0.00324876, 2.77588e-05, 0.000169736, 0.0062605, -0.000104291, 0.000310355, 0.00544172, -2.48761e-05, 0.00023948, 0.00220498, 0, 0, 0
0.0203352, -0.00453208, 0.00347652, 2.38794e-05, 0.000172627, 0.00598142, -0.000104486, 0.000298472, 0.00527203, -2.47033e-05, 0.000226729, 0.00211205, 0, 0, 0
0.0202773, -0.00365773, 0.00368783, 2.03329e-05, 0.000175274, 0.00572613, -0.000104671, 0.000287597, 0.00511675, -2.45548e-05, 0.000215059, 0.00202702, 0, 0, 0
0.0202268, -0.00284707, 0.0038843, 1.7092e-05, 0.000177699, 0.00549269, -0.000104841, 0.000277662, 0.00497483, -2.44151e-05, 0.000204392, 0.00194925, 0, 0, 0
0.0201843, -0.00213588, 0.00405698, 1.42708e-05, 0.000179812, 0.00528934, -0.000104994, 0.000269008, 0.00485118, -2.43024e-05, 0.000195101, 0.00188155, 0, 0, 0
0.0201493, -0.00151988, 0.0042069, 1.18556e-05, 0.000181624, 0.00511517, -0.000105127, 0.000261598, 0.00474526, -2.42023e-05, 0.000187144, 0.00182353, 0, 0, 0
0.020122, -0.00101499, 0.00432993, 9.89511e-06, 0.000183096, 0.00497373, -0.000105235, 0.00025558, 0.00465928, -2.41227e-05, 0.00018068, 0.00177641, 0, 0, 0
0.0201035, -0.000670451, 0.00441404, 8.55784e-06, 0.0001841, 0.00487726, -0.000105312, 0.000251473, 0.0046006, -2.40696e-05, 0.000176271, 0.00174432, 0, 0, 0
0.0200943, -0.000489955, 0.00445806, 7.8647e-06, 0.000184622, 0.00482722, -0.000105352, 0.000249348, 0.00457014, -2.40426e-05, 0.000173982, 0.00172763, 0, 0, 0